image,violation
Screenshot 2026-04-04 221649.png,No Helmet
Screenshot 2026-04-04 221726.png,None
Screenshot 2026-04-04 221816.png,No Helmet
Screenshot 2026-04-04 222151.png,None
Screenshot 2026-04-04 222216.png,None
Screenshot 2026-04-04 223642.png,None
Screenshot 2026-04-04 223858.png,No Helmet
Screenshot 2026-04-04 224412.png,No Helmet
Screenshot 2026-04-04 224736.png,No Helmet
Screenshot 2026-04-04 224821.png,No Helmet
Screenshot 2026-04-04 225814.png,No Helmet
Screenshot 2026-04-04 230327.png,No Helmet
Screenshot 2026-04-07 183304.png,No Helmet
Screenshot 2026-04-07 185054.png,None
Screenshot 2026-04-07 185718.png,No Helmet
Screenshot 2026-04-07 190056.png,No Helmet
Screenshot 2026-04-07 190247.png,No Plate
Screenshot 2026-04-07 190542.png,No Helmet
Screenshot 2026-04-07 190705.png,No Helmet
Screenshot 2026-04-07 191033.png,No Helmet
Screenshot 2026-04-07 191232.png,No Helmet
Screenshot 2026-04-07 191641.png,No Helmet
Screenshot 2026-04-07 200632.png,No Helmet
Screenshot 2026-04-07 200822.png,No Plate
Screenshot 2026-04-07 200852.png,No Helmet
Screenshot 2026-04-07 201407.png,None
Screenshot 2026-04-07 201454.png,No Helmet
Screenshot 2026-04-07 201636.png,No Helmet
Screenshot 2026-04-07 201800.png,No Helmet
Screenshot 2026-04-07 203417.png,No Helmet
Screenshot 2026-04-07 203500.png,No Helmet
Screenshot 2026-04-07 203539.png,No Helmet
Screenshot 2026-04-07 204131.png,No Helmet
Screenshot 2026-04-07 204213.png,No Helmet
Screenshot 2026-04-07 204232.png,No Helmet